team,year,div,conf,w_l_percent,mov,ortg,drtg,nrtg,mov_a,ortg_a,drtg_a,nrtg_a
Atlanta Hawks,2000,C,E,0.341,-5.38,102.68,108.46,-5.78,-5.41,102.68,108.5,-5.82
Boston Celtics,2000,A,E,0.4270000000000001,-0.76,105.41,106.26,-0.85,-1.0,105.46,106.57,-1.11
Brooklyn Nets,2000,A,E,0.378,-1.04,105.93,107.12,-1.19,-1.18,105.98,107.31,-1.33
Charlotte Hornets,2000,C,E,,,,,,,,,
Chicago Bulls,2000,C,E,0.207,-9.4,95.5,105.93,-10.43,-9.23,95.42,105.65,-10.23
Cleveland Cavaliers,2000,C,E,0.39,-3.5,101.04,104.85,-3.81,-3.64,100.87,104.83,-3.96
Dallas Mavericks,2000,M,W,0.488,-0.57,107.33,107.86,-0.52,-0.28,107.59,107.8,-0.22
Denver Nuggets,2000,M,W,0.4270000000000001,-2.12,104.19,106.44,-2.25,-1.76,104.37,106.23,-1.86
Detroit Pistons,2000,C,E,0.512,1.44,108.14,106.54,1.6,1.13,108.18,106.91,1.27
Golden State Warriors,2000,P,W,0.232,-8.27,100.4,109.04,-8.64,-7.62,100.7,108.65,-7.96
Houston Rockets,2000,M,W,0.415,-0.87,105.53,106.55,-1.02,-0.56,105.72,106.41,-0.69
Indiana Pacers,2000,C,E,0.6829999999999999,4.6,109.17,104.21,4.95,4.16,109.05,104.58,4.47
Los Angeles Clippers,2000,P,W,0.183,-11.52,98.61,110.91,-12.3,-10.73,99.0,110.44,-11.45
Los Angeles Lakers,2000,P,W,0.8170000000000001,8.55,107.85,98.79,9.05,8.41,107.66,98.75,8.92
Memphis Grizzlies,2000,M,W,0.268,-5.62,103.34,109.5,-6.17,-5.1,103.66,109.26,-5.6
Miami Heat,2000,A,E,0.634,3.11,105.39,102.08,3.31,2.75,105.16,102.24,2.92
Milwaukee Bucks,2000,C,E,0.512,0.22,109.07,108.82,0.25,-0.05,109.15,109.19,-0.05
Minnesota Timberwolves,2000,M,W,0.61,2.52,106.98,104.1,2.87,2.67,107.05,104.03,3.02
New Orleans Pelicans,2000,SW,W,0.598,2.67,105.0,102.22,2.79,2.34,104.84,102.41,2.43
New York Knicks,2000,A,E,0.61,1.46,103.1,101.53,1.58,1.3,102.89,101.48,1.4
Oklahoma City Thunder,2000,NW,W,0.5489999999999999,0.95,106.19,105.33,0.87,1.17,106.32,105.21,1.11
Orlando Magic,2000,A,E,0.5,0.68,103.35,102.37,0.97,0.43,103.13,102.44,0.69
Philadelphia 76ers,2000,A,E,0.598,1.34,102.24,100.8,1.44,1.02,102.0,100.91,1.09
Phoenix Suns,2000,P,W,0.6459999999999999,5.22,105.04,99.66,5.38,5.24,104.9,99.48,5.41
Portland Trail Blazers,2000,P,W,0.72,6.4,108.75,101.67,7.08,6.37,108.71,101.68,7.03
Sacramento Kings,2000,P,W,0.537,2.91,105.62,102.58,3.04,3.04,105.61,102.43,3.19
San Antonio Spurs,2000,M,W,0.6459999999999999,5.94,105.83,99.45,6.38,5.93,105.67,99.3,6.37
Toronto Raptors,2000,C,E,0.5489999999999999,-0.16,105.46,105.53,-0.06,-0.46,105.32,105.71,-0.39
Utah Jazz,2000,M,W,0.6709999999999999,4.46,107.97,103.09,4.88,4.52,108.0,103.06,4.94
Washington Wizards,2000,A,E,0.354,-3.28,104.29,107.71,-3.42,-3.47,104.3,107.92,-3.62
Atlanta Hawks,2001,C,E,0.305,-5.21,99.51,105.17,-5.66,-5.55,99.38,105.43,-6.04
Boston Celtics,2001,A,E,0.439,-2.13,102.41,104.8,-2.39,-2.4,102.45,105.14,-2.68
Brooklyn Nets,2001,A,E,0.317,-5.05,100.78,106.41,-5.63,-5.3,100.86,106.77,-5.91
Charlotte Hornets,2001,C,E,,,,,,,,,
Chicago Bulls,2001,C,E,0.183,-9.1,98.12,108.33,-10.21,-9.09,98.32,108.52,-10.19
Cleveland Cavaliers,2001,C,E,0.366,-4.24,101.1,105.71,-4.6,-4.48,101.16,106.02,-4.87
Dallas Mavericks,2001,M,W,0.6459999999999999,4.28,108.0,103.36,4.63,4.6,108.07,103.07,4.99
Denver Nuggets,2001,M,W,0.488,-2.46,104.26,107.03,-2.77,-1.83,104.5,106.57,-2.07
Detroit Pistons,2001,C,E,0.39,-1.7,100.61,102.41,-1.79,-2.08,100.46,102.69,-2.23
Golden State Warriors,2001,P,W,0.207,-9.05,98.41,108.09,-9.68,-8.11,98.68,107.34,-8.65
Houston Rockets,2001,M,W,0.5489999999999999,2.29,107.6,105.02,2.58,2.71,107.75,104.71,3.04
Indiana Pacers,2001,C,E,0.5,-0.2,102.91,103.09,-0.18,-0.77,102.69,103.51,-0.82
Los Angeles Clippers,2001,P,W,0.378,-2.89,102.25,105.42,-3.17,-2.23,102.41,104.86,-2.45
Los Angeles Lakers,2001,P,W,0.6829999999999999,3.38,109.15,105.56,3.59,3.74,109.33,105.33,4.01
Memphis Grizzlies,2001,M,W,0.28,-5.73,100.04,106.39,-6.35,-4.94,100.24,105.72,-5.47
Miami Heat,2001,A,E,0.61,2.29,101.88,99.39,2.49,1.72,101.67,99.81,1.87
Milwaukee Bucks,2001,C,E,0.634,3.88,109.52,105.34,4.18,3.13,109.42,106.06,3.36
Minnesota Timberwolves,2001,M,W,0.573,1.35,106.0,104.4,1.61,1.81,106.12,104.01,2.11
New Orleans Pelicans,2001,SW,W,0.561,2.1,102.57,100.34,2.23,1.45,102.26,100.73,1.52
New York Knicks,2001,A,E,0.585,2.63,102.12,99.01,3.11,1.98,101.82,99.44,2.38
Oklahoma City Thunder,2001,NW,W,0.537,0.02,106.53,106.38,0.14,0.55,106.74,106.03,0.71
Orlando Magic,2001,A,E,0.524,0.99,104.05,102.99,1.06,0.38,103.9,103.51,0.39
Philadelphia 76ers,2001,A,E,0.6829999999999999,4.28,104.36,99.73,4.63,3.63,104.09,100.17,3.92
Phoenix Suns,2001,P,W,0.622,2.21,101.12,98.67,2.45,2.63,100.94,98.03,2.91
Portland Trail Blazers,2001,P,W,0.61,4.2,107.08,102.54,4.53,4.52,107.11,102.21,4.9
Sacramento Kings,2001,P,W,0.6709999999999999,5.82,106.32,100.23,6.08,6.07,106.23,99.85,6.38
San Antonio Spurs,2001,M,W,0.7070000000000001,7.76,107.36,98.64,8.72,7.92,107.2,98.31,8.89
Toronto Raptors,2001,C,E,0.573,2.26,106.64,104.23,2.41,1.69,106.62,104.83,1.79
Utah Jazz,2001,M,W,0.6459999999999999,4.7,108.36,103.17,5.19,5.0,108.42,102.89,5.53
Washington Wizards,2001,A,E,0.232,-6.67,101.43,108.65,-7.21,-6.75,101.62,108.93,-7.31
Atlanta Hawks,2002,C,E,0.402,-4.23,102.72,107.4,-4.68,-4.41,102.83,107.73,-4.9
Boston Celtics,2002,A,E,0.598,2.21,104.1,101.7,2.4,1.74,103.95,102.08,1.87
Brooklyn Nets,2002,A,E,0.634,4.16,104.78,100.28,4.5,3.67,104.65,100.71,3.94
Charlotte Hornets,2002,C,E,,,,,,,,,
Chicago Bulls,2002,C,E,0.256,-8.54,99.05,108.56,-9.51,-8.52,99.21,108.72,-9.5
Cleveland Cavaliers,2002,C,E,0.354,-3.33,105.41,109.17,-3.76,-3.53,105.63,109.62,-3.99
Dallas Mavericks,2002,M,W,0.695,4.26,112.8,108.22,4.59,4.41,112.91,108.13,4.78
Denver Nuggets,2002,M,W,0.329,-5.82,102.34,108.68,-6.35,-5.19,102.44,108.08,-5.64
Detroit Pistons,2002,C,E,0.61,2.13,105.77,103.43,2.33,1.69,105.63,103.8,1.83
Golden State Warriors,2002,P,W,0.256,-5.4,103.56,109.28,-5.71,-4.8,103.7,108.74,-5.04
Houston Rockets,2002,M,W,0.341,-4.89,103.93,109.55,-5.62,-4.31,104.08,109.03,-4.95
Indiana Pacers,2002,C,E,0.512,0.27,105.09,104.59,0.5,-0.07,105.08,104.98,0.1
Los Angeles Clippers,2002,P,W,0.476,-0.46,106.49,106.87,-0.38,-0.09,106.51,106.47,0.05
Los Angeles Lakers,2002,P,W,0.7070000000000001,7.12,110.29,102.52,7.77,7.15,110.12,102.3,7.82
Memphis Grizzlies,2002,M,W,0.28,-7.44,98.9,107.09,-8.19,-6.74,98.92,106.32,-7.4
Miami Heat,2002,A,E,0.439,-1.54,99.28,101.15,-1.88,-1.85,99.08,101.31,-2.22
Milwaukee Bucks,2002,C,E,0.5,-0.22,107.78,108.0,-0.22,-0.62,107.93,108.6,-0.68
Minnesota Timberwolves,2002,M,W,0.61,3.38,109.79,105.97,3.82,3.58,109.78,105.73,4.05
New Orleans Pelicans,2002,SW,W,0.537,0.96,105.13,104.06,1.07,0.57,105.02,104.4,0.62
New York Knicks,2002,A,E,0.366,-3.99,102.02,106.38,-4.36,-4.15,102.1,106.66,-4.56
Oklahoma City Thunder,2002,NW,W,0.5489999999999999,3.02,109.77,106.3,3.47,3.24,109.78,106.06,3.72
Orlando Magic,2002,A,E,0.537,1.57,107.71,106.04,1.67,1.25,107.88,106.58,1.3
Philadelphia 76ers,2002,A,E,0.524,1.6,103.12,101.42,1.7,1.27,103.02,101.69,1.33
Phoenix Suns,2002,P,W,0.439,-0.68,104.07,104.71,-0.64,-0.3,103.98,104.19,-0.21
Portland Trail Blazers,2002,P,W,0.598,2.99,108.2,104.84,3.36,3.2,108.13,104.52,3.61
Sacramento Kings,2002,P,W,0.7440000000000001,7.61,109.7,101.62,8.08,7.61,109.48,101.37,8.12
San Antonio Spurs,2002,M,W,0.7070000000000001,6.21,107.35,100.38,6.97,6.27,107.06,100.01,7.05
Toronto Raptors,2002,C,E,0.512,-0.44,103.37,104.04,-0.67,-0.71,103.39,104.37,-0.98
Utah Jazz,2002,M,W,0.537,0.89,106.57,105.33,1.25,1.2,106.52,104.93,1.6
Washington Wizards,2002,A,E,0.451,-1.4,105.67,107.16,-1.49,-1.58,105.92,107.62,-1.7
Atlanta Hawks,2003,C,E,0.4270000000000001,-3.56,103.1,106.96,-3.86,-3.87,103.07,107.27,-4.19
Boston Celtics,2003,A,E,0.537,-0.39,101.9,102.33,-0.43,-0.75,101.78,102.59,-0.81
Brooklyn Nets,2003,A,E,0.598,5.22,104.42,98.8,5.62,4.42,103.93,99.18,4.75
Charlotte Hornets,2003,C,E,,,,,,,,,
Chicago Bulls,2003,C,E,0.366,-5.13,101.03,106.3,-5.27,-5.3,100.99,106.45,-5.47
Cleveland Cavaliers,2003,C,E,0.207,-9.62,97.25,107.48,-10.23,-9.58,97.25,107.45,-10.2
Dallas Mavericks,2003,M,W,0.732,7.78,111.43,102.89,8.54,7.91,111.52,102.85,8.67
Denver Nuggets,2003,M,W,0.207,-8.28,93.2,102.26,-9.06,-7.41,93.22,101.33,-8.11
Detroit Pistons,2003,C,E,0.61,3.68,104.84,100.71,4.14,2.98,104.48,101.11,3.36
Golden State Warriors,2003,P,W,0.463,-1.13,109.01,110.1,-1.09,-0.59,109.45,109.96,-0.51
Houston Rockets,2003,M,W,0.524,1.48,104.96,103.5,1.46,1.89,105.07,103.14,1.93
Indiana Pacers,2003,C,E,0.585,3.49,105.28,101.55,3.74,2.79,104.96,101.98,2.98
Los Angeles Clippers,2003,P,W,0.329,-4.12,103.0,107.51,-4.51,-3.44,103.3,107.07,-3.77
Los Angeles Lakers,2003,P,W,0.61,2.33,107.96,105.55,2.41,2.71,108.18,105.35,2.83
Memphis Grizzlies,2003,M,W,0.341,-3.23,104.47,108.08,-3.62,-2.59,104.79,107.71,-2.92
Miami Heat,2003,A,E,0.305,-5.05,97.53,103.31,-5.78,-5.13,97.37,103.23,-5.87
Milwaukee Bucks,2003,C,E,0.512,0.23,109.62,109.36,0.26,-0.24,109.72,109.97,-0.25
Minnesota Timberwolves,2003,M,W,0.622,2.07,106.81,104.5,2.31,2.46,106.97,104.23,2.73
New Orleans Pelicans,2003,SW,W,0.573,2.11,104.61,102.28,2.33,1.52,104.36,102.68,1.69
New York Knicks,2003,A,E,0.451,-1.35,105.34,106.81,-1.47,-1.61,105.37,107.12,-1.75
Oklahoma City Thunder,2003,NW,W,0.488,-0.12,104.48,104.63,-0.14,0.37,104.64,104.25,0.4
Orlando Magic,2003,A,E,0.512,0.13,105.84,105.72,0.12,-0.39,105.75,106.2,-0.45
Philadelphia 76ers,2003,A,E,0.585,2.3,105.78,103.26,2.52,1.76,105.6,103.68,1.93
Phoenix Suns,2003,P,W,0.537,1.13,104.48,103.21,1.27,1.57,104.58,102.83,1.74
Portland Trail Blazers,2003,P,W,0.61,2.61,106.41,103.58,2.83,2.98,106.52,103.29,3.23
Sacramento Kings,2003,P,W,0.72,6.5,106.45,99.5,6.95,6.68,106.36,99.2,7.16
San Antonio Spurs,2003,M,W,0.732,5.41,106.25,100.29,5.96,5.65,106.2,99.99,6.22
Toronto Raptors,2003,C,E,0.293,-5.87,101.37,107.99,-6.62,-6.09,101.36,108.21,-6.85
Utah Jazz,2003,M,W,0.573,2.39,106.46,103.59,2.87,2.77,106.58,103.3,3.27
Washington Wizards,2003,A,E,0.451,-1.01,103.82,105.06,-1.25,-1.47,103.75,105.49,-1.74
Atlanta Hawks,2004,C,E,0.341,-4.65,101.91,107.01,-5.11,-5.0,102.02,107.51,-5.49
Boston Celtics,2004,A,E,0.439,-1.45,102.76,104.39,-1.63,-1.99,102.66,104.89,-2.23
Brooklyn Nets,2004,A,E,0.573,2.5,101.76,99.05,2.71,1.88,101.52,99.49,2.03
Charlotte Hornets,2004,C,E,,,,,,,,,
Chicago Bulls,2004,C,E,0.28,-6.35,97.49,104.38,-6.88,-6.69,97.42,104.67,-7.25
Cleveland Cavaliers,2004,C,E,0.4270000000000001,-2.62,102.1,105.05,-2.95,-3.07,102.16,105.59,-3.43
Dallas Mavericks,2004,M,W,0.634,4.44,113.01,108.1,4.92,4.86,113.3,107.92,5.37
Denver Nuggets,2004,M,W,0.524,1.07,104.61,103.73,0.88,1.65,104.66,103.13,1.52
Detroit Pistons,2004,C,E,0.659,5.84,103.18,96.48,6.7,5.04,102.81,97.01,5.81
Golden State Warriors,2004,P,W,0.451,-0.73,103.71,104.54,-0.83,-0.07,103.8,103.91,-0.1
Houston Rockets,2004,M,W,0.5489999999999999,1.73,101.8,99.87,1.93,2.28,101.65,99.13,2.52
Indiana Pacers,2004,C,E,0.7440000000000001,5.76,104.77,98.16,6.61,4.93,104.47,98.77,5.7
Los Angeles Clippers,2004,P,W,0.341,-4.59,104.3,109.4,-5.1,-3.74,104.63,108.81,-4.18
Los Angeles Lakers,2004,P,W,0.6829999999999999,3.9,106.23,102.06,4.16,4.35,106.2,101.54,4.65
Memphis Grizzlies,2004,M,W,0.61,2.44,105.56,102.97,2.6,2.95,105.58,102.41,3.16
Miami Heat,2004,A,E,0.512,0.52,102.92,102.48,0.43,-0.13,102.81,103.08,-0.28
Milwaukee Bucks,2004,C,E,0.5,1.06,107.28,106.09,1.19,0.42,107.34,106.85,0.49
Minnesota Timberwolves,2004,M,W,0.7070000000000001,5.49,106.53,100.3,6.23,5.86,106.41,99.79,6.62
New Orleans Pelicans,2004,SW,W,0.5,-0.1,103.36,103.47,-0.12,-0.72,103.25,104.05,-0.79
New York Knicks,2004,A,E,0.476,-1.48,102.39,104.02,-1.63,-1.97,102.4,104.56,-2.17
Oklahoma City Thunder,2004,NW,W,0.451,-0.63,108.11,108.79,-0.69,0.02,108.41,108.38,0.03
Orlando Magic,2004,A,E,0.256,-7.02,103.53,111.31,-7.78,-7.25,103.84,111.86,-8.02
Philadelphia 76ers,2004,A,E,0.402,-2.49,100.29,103.04,-2.76,-2.95,100.28,103.54,-3.26
Phoenix Suns,2004,P,W,0.354,-3.74,102.33,106.35,-4.02,-2.94,102.5,105.65,-3.14
Portland Trail Blazers,2004,P,W,0.5,-1.27,104.58,106.04,-1.47,-0.58,104.74,105.45,-0.71
Sacramento Kings,2004,P,W,0.6709999999999999,5.01,110.87,105.42,5.45,5.41,111.02,105.14,5.88
San Antonio Spurs,2004,M,W,0.695,7.22,103.01,94.79,8.23,7.51,102.62,94.09,8.53
Toronto Raptors,2004,C,E,0.402,-3.01,97.75,101.27,-3.53,-3.41,97.65,101.61,-3.95
Utah Jazz,2004,M,W,0.512,-1.22,103.12,104.52,-1.4,-0.53,103.21,103.86,-0.65
Washington Wizards,2004,A,E,0.305,-5.63,99.46,105.62,-6.15,-6.12,99.35,106.04,-6.69
Atlanta Hawks,2005,C,E,0.159,-9.71,101.23,111.99,-10.76,-9.62,101.45,112.09,-10.64
Boston Celtics,2005,A,E,0.5489999999999999,0.87,108.31,107.4,0.91,0.34,108.27,107.92,0.35
Brooklyn Nets,2005,A,E,0.512,-1.5,102.29,104.02,-1.73,-1.82,102.11,104.18,-2.07
Charlotte Hornets,2005,C,E,0.22,-5.99,101.91,108.4,-6.49,-6.15,101.87,108.54,-6.67
Chicago Bulls,2005,C,E,0.573,1.06,102.14,101.01,1.13,0.65,101.84,101.15,0.69
Cleveland Cavaliers,2005,C,E,0.512,0.79,107.58,106.68,0.89,0.27,107.5,107.17,0.33
Dallas Mavericks,2005,M,W,0.7070000000000001,5.74,111.32,104.88,6.44,5.85,111.3,104.76,6.55
Denver Nuggets,2005,M,W,0.598,2.02,106.6,104.67,1.93,2.22,106.49,104.34,2.15
Detroit Pistons,2005,C,E,0.659,3.87,106.49,102.07,4.42,3.31,106.19,102.38,3.81
Golden State Warriors,2005,P,W,0.415,-2.16,105.24,107.71,-2.46,-1.74,105.22,107.24,-2.01
Houston Rockets,2005,M,W,0.622,4.04,107.03,102.57,4.46,4.26,106.85,102.15,4.7
Indiana Pacers,2005,C,E,0.537,0.76,106.46,105.55,0.91,0.49,106.47,105.85,0.62
Los Angeles Clippers,2005,P,W,0.451,-0.77,106.76,107.5,-0.74,-0.47,106.78,107.2,-0.43
Los Angeles Lakers,2005,P,W,0.415,-2.96,108.86,112.12,-3.27,-2.33,109.16,111.74,-2.58
Memphis Grizzlies,2005,M,W,0.5489999999999999,2.29,106.5,103.89,2.61,2.63,106.57,103.6,2.97
Miami Heat,2005,A,E,0.72,6.52,111.08,103.74,7.33,5.76,110.81,104.31,6.5
Milwaukee Bucks,2005,C,E,0.366,-2.99,107.0,110.42,-3.42,-3.09,107.21,110.72,-3.51
Minnesota Timberwolves,2005,M,W,0.537,1.45,108.99,107.35,1.64,1.73,108.98,107.05,1.93
New Orleans Pelicans,2005,SW,W,0.22,-7.07,100.72,108.89,-8.17,-6.3,101.0,108.32,-7.32
New York Knicks,2005,A,E,0.402,-2.44,106.93,109.59,-2.66,-2.73,107.05,110.01,-2.96
Oklahoma City Thunder,2005,NW,W,0.634,2.29,113.09,110.41,2.68,2.59,113.33,110.34,2.99
Orlando Magic,2005,A,E,0.439,-2.24,105.7,108.01,-2.31,-2.52,105.73,108.33,-2.6
Philadelphia 76ers,2005,A,E,0.524,-0.74,104.0,104.86,-0.86,-1.08,103.82,105.03,-1.21
Phoenix Suns,2005,P,W,0.7559999999999999,7.12,115.01,107.53,7.49,7.08,115.06,107.63,7.43
Portland Trail Blazers,2005,P,W,0.329,-4.0,104.26,108.64,-4.37,-3.45,104.39,108.17,-3.78
Sacramento Kings,2005,P,W,0.61,2.16,111.02,108.76,2.26,2.55,111.16,108.46,2.7
San Antonio Spurs,2005,M,W,0.72,7.8,108.45,99.59,8.85,7.84,108.18,99.31,8.87
Toronto Raptors,2005,C,E,0.402,-1.62,107.78,109.41,-1.63,-1.81,107.85,109.68,-1.83
Utah Jazz,2005,M,W,0.317,-4.27,105.57,110.29,-4.72,-3.74,105.75,109.9,-4.16
Washington Wizards,2005,A,E,0.5489999999999999,-0.33,107.94,108.32,-0.38,-0.72,107.91,108.7,-0.79
Atlanta Hawks,2006,C,E,0.317,-4.76,107.2,112.46,-5.26,-4.69,107.29,112.47,-5.17
Boston Celtics,2006,A,E,0.402,-1.54,106.12,107.86,-1.73,-1.59,106.05,107.83,-1.78
Brooklyn Nets,2006,A,E,0.598,1.37,104.66,103.24,1.42,1.11,104.24,103.1,1.15
Charlotte Hornets,2006,C,E,0.317,-4.0,103.14,107.48,-4.33,-3.9,103.06,107.27,-4.21
Chicago Bulls,2006,C,E,0.5,0.63,104.64,103.99,0.64,0.51,104.38,103.85,0.52
Cleveland Cavaliers,2006,C,E,0.61,2.23,108.49,106.01,2.48,2.17,108.49,106.07,2.42
Dallas Mavericks,2006,M,W,0.732,6.07,112.87,105.73,7.14,5.96,113.06,106.07,6.99
Denver Nuggets,2006,M,W,0.537,0.23,106.16,106.01,0.15,0.36,106.22,105.94,0.28
Detroit Pistons,2006,C,E,0.78,6.67,111.59,103.9,7.69,6.23,111.35,104.15,7.2
Golden State Warriors,2006,P,W,0.415,-1.35,105.36,106.79,-1.44,-1.11,105.55,106.74,-1.18
Houston Rockets,2006,M,W,0.415,-1.59,102.41,104.42,-2.02,-1.31,102.5,104.2,-1.7
Indiana Pacers,2006,C,E,0.5,1.89,105.3,103.0,2.3,1.62,104.91,102.9,2.01
Los Angeles Clippers,2006,P,W,0.573,1.57,106.09,104.24,1.85,1.75,106.11,104.08,2.03
Los Angeles Lakers,2006,P,W,0.5489999999999999,2.5,109.26,106.59,2.67,2.53,109.46,106.77,2.69
Memphis Grizzlies,2006,M,W,0.598,3.7,107.11,102.69,4.42,3.74,107.1,102.66,4.44
Miami Heat,2006,A,E,0.634,3.87,109.53,105.34,4.19,3.59,109.28,105.38,3.9
Milwaukee Bucks,2006,C,E,0.488,-1.04,106.81,107.98,-1.17,-1.07,106.8,108.0,-1.2
Minnesota Timberwolves,2006,M,W,0.402,-1.88,103.52,105.65,-2.13,-1.75,103.59,105.58,-1.99
New Orleans Pelicans,2006,SW,W,0.463,-2.82,104.5,107.77,-3.27,-2.51,104.62,107.56,-2.94
New York Knicks,2006,A,E,0.28,-6.4,104.74,111.87,-7.14,-6.3,104.74,111.74,-7.0
Oklahoma City Thunder,2006,NW,W,0.4270000000000001,-3.02,111.99,115.45,-3.45,-2.88,112.49,115.79,-3.31
Orlando Magic,2006,A,E,0.439,-1.07,106.99,108.25,-1.26,-1.26,106.84,108.29,-1.45
Philadelphia 76ers,2006,A,E,0.463,-1.95,106.89,109.0,-2.1,-2.11,106.79,109.06,-2.27
Phoenix Suns,2006,P,W,0.659,5.55,112.27,106.45,5.82,5.48,112.32,106.58,5.74
Portland Trail Blazers,2006,P,W,0.256,-9.45,102.06,112.87,-10.81,-8.91,102.35,112.56,-10.21
Sacramento Kings,2006,P,W,0.537,1.54,107.45,105.8,1.65,1.61,107.51,105.8,1.72
San Antonio Spurs,2006,M,W,0.768,6.82,108.02,100.32,7.7,6.69,107.93,100.38,7.54
Toronto Raptors,2006,C,E,0.329,-2.99,110.22,113.34,-3.12,-3.03,110.4,113.57,-3.17
Utah Jazz,2006,M,W,0.5,-2.63,104.93,107.9,-2.96,-2.49,104.98,107.79,-2.81
Washington Wizards,2006,A,E,0.512,1.85,110.01,107.93,2.08,1.56,109.91,108.14,1.76
Atlanta Hawks,2007,C,E,0.366,-4.76,103.83,109.24,-5.41,-4.86,103.98,109.5,-5.52
Boston Celtics,2007,A,E,0.293,-3.41,104.07,107.96,-3.89,-3.71,103.98,108.18,-4.19
Brooklyn Nets,2007,A,E,0.5,-0.77,106.45,107.43,-0.97,-1.0,106.49,107.7,-1.22
Charlotte Hornets,2007,C,E,0.402,-3.74,104.29,108.34,-4.04,-3.97,104.23,108.52,-4.3
Chicago Bulls,2007,C,E,0.598,5.01,105.71,100.32,5.39,4.52,105.36,100.5,4.86
Cleveland Cavaliers,2007,C,E,0.61,3.83,106.15,102.1,4.05,3.33,105.92,102.41,3.52
Dallas Mavericks,2007,M,W,0.8170000000000001,7.22,112.32,104.12,8.2,7.28,112.23,103.98,8.25
Denver Nuggets,2007,M,W,0.5489999999999999,1.62,108.12,106.51,1.62,1.69,107.95,106.24,1.7
Detroit Pistons,2007,C,E,0.6459999999999999,4.16,109.8,104.87,4.93,3.68,109.72,105.33,4.39
Golden State Warriors,2007,P,W,0.512,-0.34,107.62,107.84,-0.22,-0.01,107.61,107.48,0.14
Houston Rockets,2007,M,W,0.634,4.85,106.64,101.31,5.33,5.04,106.43,100.9,5.53
Indiana Pacers,2007,C,E,0.4270000000000001,-2.44,103.7,106.21,-2.51,-2.62,103.72,106.44,-2.72
Los Angeles Clippers,2007,P,W,0.488,-0.46,105.9,106.55,-0.65,-0.07,105.91,106.14,-0.22
Los Angeles Lakers,2007,P,W,0.512,-0.07,109.09,109.28,-0.19,0.24,109.18,109.02,0.16
Memphis Grizzlies,2007,M,W,0.268,-5.15,107.37,112.95,-5.58,-4.44,107.74,112.54,-4.81
Miami Heat,2007,A,E,0.537,-0.91,105.25,106.36,-1.12,-1.21,105.23,106.67,-1.44
Milwaukee Bucks,2007,C,E,0.341,-4.38,107.63,112.34,-4.71,-4.44,107.89,112.66,-4.77
Minnesota Timberwolves,2007,M,W,0.39,-3.67,104.58,108.64,-4.06,-3.16,104.64,108.15,-3.51
New Orleans Pelicans,2007,SW,W,0.476,-1.57,105.68,107.51,-1.83,-1.2,105.78,107.19,-1.41
New York Knicks,2007,A,E,0.402,-2.85,106.39,109.53,-3.14,-3.06,106.45,109.82,-3.38
Oklahoma City Thunder,2007,NW,W,0.378,-2.89,108.21,111.52,-3.31,-2.45,108.45,111.27,-2.82
Orlando Magic,2007,A,E,0.488,0.78,105.99,105.03,0.96,0.34,105.76,105.28,0.48
Philadelphia 76ers,2007,A,E,0.4270000000000001,-3.02,104.42,107.77,-3.35,-3.26,104.43,108.04,-3.61
Phoenix Suns,2007,P,W,0.7440000000000001,7.3,114.68,106.9,7.78,7.27,114.66,106.9,7.76
Portland Trail Blazers,2007,P,W,0.39,-4.29,105.94,110.79,-4.85,-3.78,106.13,110.42,-4.29
Sacramento Kings,2007,P,W,0.402,-1.8,106.79,108.59,-1.8,-1.35,106.92,108.23,-1.31
San Antonio Spurs,2007,M,W,0.7070000000000001,8.43,110.11,100.64,9.47,8.35,109.84,100.47,9.37
Toronto Raptors,2007,C,E,0.573,0.99,107.92,106.56,1.36,0.61,107.84,106.91,0.93
Utah Jazz,2007,M,W,0.622,2.87,110.65,107.4,3.25,3.06,110.7,107.24,3.45
Washington Wizards,2007,A,E,0.5,-0.51,110.57,111.28,-0.71,-0.8,110.7,111.71,-1.01
Atlanta Hawks,2008,C,E,0.451,-1.82,107.6,109.52,-1.92,-2.23,107.44,109.81,-2.37
Boston Celtics,2008,A,E,0.805,10.26,111.1,99.75,11.35,9.31,110.55,100.23,10.32
Brooklyn Nets,2008,A,E,0.415,-5.06,104.61,110.25,-5.64,-5.15,104.6,110.32,-5.72
Charlotte Hornets,2008,C,E,0.39,-4.38,105.39,110.22,-4.83,-4.48,105.43,110.36,-4.93
Chicago Bulls,2008,C,E,0.402,-3.09,104.65,107.91,-3.26,-3.19,104.6,107.96,-3.36
Cleveland Cavaliers,2008,C,E,0.5489999999999999,-0.35,106.66,107.15,-0.49,-0.52,106.58,107.23,-0.65
Dallas Mavericks,2008,M,W,0.622,4.54,111.9,106.82,5.08,4.7,112.02,106.77,5.25
Denver Nuggets,2008,M,W,0.61,3.71,110.46,106.95,3.51,3.74,110.48,106.93,3.55
Detroit Pistons,2008,C,E,0.72,7.39,112.09,103.64,8.45,6.67,111.76,104.09,7.66
Golden State Warriors,2008,P,W,0.585,2.21,112.46,110.24,2.22,2.38,112.59,110.19,2.39
Houston Rockets,2008,M,W,0.6709999999999999,4.68,107.47,102.17,5.3,4.83,107.3,101.85,5.45
Indiana Pacers,2008,C,E,0.439,-1.4,106.69,108.2,-1.51,-1.86,106.47,108.47,-2.0
Los Angeles Clippers,2008,P,W,0.28,-7.27,101.63,109.76,-8.14,-6.56,101.66,109.05,-7.38
Los Angeles Lakers,2008,P,W,0.695,7.26,113.71,106.08,7.63,7.34,113.72,105.99,7.73
Memphis Grizzlies,2008,M,W,0.268,-6.21,105.44,112.07,-6.62,-5.75,105.72,111.86,-6.14
Miami Heat,2008,A,E,0.183,-8.65,101.13,110.8,-9.68,-8.53,101.12,110.64,-9.52
Milwaukee Bucks,2008,C,E,0.317,-6.89,105.74,113.43,-7.68,-6.91,105.95,113.64,-7.69
Minnesota Timberwolves,2008,M,W,0.268,-6.78,104.42,111.96,-7.54,-6.25,104.62,111.59,-6.97
New Orleans Pelicans,2008,SW,W,0.6829999999999999,5.28,112.21,106.44,5.77,5.46,112.3,106.34,5.96
New York Knicks,2008,A,E,0.28,-6.61,105.34,112.45,-7.11,-6.54,105.54,112.57,-7.03
Oklahoma City Thunder,2008,NW,W,0.244,-8.76,101.17,110.16,-8.99,-8.04,101.3,109.54,-8.24
Orlando Magic,2008,A,E,0.634,5.46,112.12,106.26,5.86,4.79,111.89,106.75,5.14
Philadelphia 76ers,2008,A,E,0.488,0.41,107.38,106.91,0.47,0.19,107.25,107.01,0.24
Phoenix Suns,2008,P,W,0.6709999999999999,5.05,114.04,108.77,5.27,5.14,114.22,108.86,5.36
Portland Trail Blazers,2008,P,W,0.5,-0.98,107.97,109.07,-1.1,-0.52,108.11,108.73,-0.61
Sacramento Kings,2008,P,W,0.463,-2.26,108.25,110.71,-2.45,-1.85,108.48,110.51,-2.03
San Antonio Spurs,2008,M,W,0.6829999999999999,4.79,107.91,102.54,5.37,5.1,107.8,102.11,5.68
Toronto Raptors,2008,C,E,0.5,2.9,111.06,107.46,3.6,2.47,110.99,107.86,3.12
Utah Jazz,2008,M,W,0.659,6.88,114.52,107.05,7.47,6.87,114.6,107.15,7.44
Washington Wizards,2008,A,E,0.524,-0.33,110.03,110.39,-0.36,-0.6,110.06,110.71,-0.65
Atlanta Hawks,2009,C,E,0.573,1.57,110.28,108.43,1.84,1.7,110.49,108.51,1.98
Boston Celtics,2009,A,E,0.7559999999999999,7.51,111.25,103.02,8.24,7.44,111.21,103.05,8.16
Brooklyn Nets,2009,A,E,0.415,-2.44,109.14,111.85,-2.71,-2.31,109.33,111.89,-2.56
Charlotte Hornets,2009,C,E,0.4270000000000001,-1.27,105.42,107.01,-1.59,-1.19,105.43,106.93,-1.5
Chicago Bulls,2009,C,E,0.5,-0.28,109.32,109.54,-0.22,-0.16,109.48,109.57,-0.09
Cleveland Cavaliers,2009,C,E,0.805,8.93,113.29,103.2,10.09,8.68,113.18,103.37,9.8
Dallas Mavericks,2009,M,W,0.61,1.98,111.2,109.14,2.06,1.68,111.03,109.29,1.74
Denver Nuggets,2009,M,W,0.659,3.41,111.03,107.68,3.35,3.13,110.83,107.78,3.05
Detroit Pistons,2009,C,E,0.476,-0.49,108.21,108.79,-0.58,-0.36,108.34,108.78,-0.44
Golden State Warriors,2009,P,W,0.354,-3.74,109.94,113.76,-3.82,-3.8,109.98,113.86,-3.89
Houston Rockets,2009,M,W,0.6459999999999999,4.0,109.22,104.67,4.55,3.73,108.94,104.69,4.25
Indiana Pacers,2009,C,E,0.439,-1.11,108.76,109.88,-1.12,-0.76,109.13,109.86,-0.73
Los Angeles Clippers,2009,P,W,0.232,-8.77,102.87,112.52,-9.65,-8.46,102.84,112.16,-9.31
Los Angeles Lakers,2009,P,W,0.7929999999999999,7.66,113.43,105.29,8.14,7.11,113.0,105.45,7.55
Memphis Grizzlies,2009,M,W,0.293,-5.46,104.51,110.62,-6.12,-5.22,104.48,110.33,-5.84
Miami Heat,2009,A,E,0.524,0.26,108.34,108.28,0.06,0.49,108.56,108.24,0.32
Milwaukee Bucks,2009,C,E,0.415,-1.09,107.44,108.61,-1.18,-0.87,107.6,108.54,-0.94
Minnesota Timberwolves,2009,M,W,0.293,-4.91,106.75,112.18,-5.43,-4.74,106.78,112.0,-5.23
New Orleans Pelicans,2009,SW,W,0.598,1.55,109.75,108.07,1.68,1.41,109.6,108.07,1.53
New York Knicks,2009,A,E,0.39,-2.61,108.7,111.41,-2.71,-2.33,109.03,111.44,-2.41
Oklahoma City Thunder,2009,NW,W,0.28,-6.1,103.59,110.06,-6.47,-6.03,103.41,109.82,-6.41
Orlando Magic,2009,A,E,0.72,6.7,109.66,102.58,7.08,6.49,109.52,102.66,6.86
Philadelphia 76ers,2009,A,E,0.5,0.07,108.79,108.79,0.0,0.16,108.89,108.79,0.1
Phoenix Suns,2009,P,W,0.561,1.93,114.2,112.3,1.89,1.62,114.12,112.55,1.57
Portland Trail Blazers,2009,P,W,0.659,5.34,114.74,108.68,6.06,5.0,114.62,108.94,5.67
Sacramento Kings,2009,P,W,0.207,-8.76,106.3,115.64,-9.34,-8.59,106.32,115.5,-9.18
San Antonio Spurs,2009,M,W,0.659,3.76,109.18,105.01,4.17,3.36,108.79,105.05,3.74
Toronto Raptors,2009,C,E,0.402,-2.82,107.72,110.69,-2.97,-2.53,107.99,110.66,-2.66
Utah Jazz,2009,M,W,0.585,2.65,110.84,107.89,2.96,2.31,110.52,107.93,2.59
Washington Wizards,2009,A,E,0.232,-7.46,105.98,114.23,-8.26,-6.98,106.39,114.11,-7.73
Atlanta Hawks,2010,C,E,0.6459999999999999,4.66,112.6,107.6,5.0,4.44,112.67,107.91,4.77
Boston Celtics,2010,A,E,0.61,3.66,108.65,104.62,4.03,3.37,108.5,104.79,3.72
Brooklyn Nets,2010,A,E,0.146,-9.12,101.54,111.56,-10.02,-8.93,101.75,111.54,-9.79
Charlotte Hornets,2010,C,E,0.537,1.46,105.26,103.87,1.39,1.3,105.2,103.97,1.22
Chicago Bulls,2010,C,E,0.5,-1.63,104.24,106.03,-1.79,-1.63,104.29,106.08,-1.79
Cleveland Cavaliers,2010,C,E,0.7440000000000001,6.52,112.27,105.07,7.21,6.17,112.29,105.47,6.82
Dallas Mavericks,2010,M,W,0.6709999999999999,2.72,110.0,107.17,2.84,2.67,109.88,107.09,2.79
Denver Nuggets,2010,M,W,0.6459999999999999,4.09,112.32,108.21,4.11,4.15,112.26,108.06,4.2
Detroit Pistons,2010,C,E,0.329,-5.11,106.6,112.41,-5.82,-5.02,106.78,112.48,-5.7
Golden State Warriors,2010,P,W,0.317,-3.6,108.7,112.31,-3.61,-3.28,108.77,112.05,-3.28
Houston Rockets,2010,M,W,0.512,-0.37,108.37,108.79,-0.42,-0.01,108.4,108.45,-0.04
Indiana Pacers,2010,C,E,0.39,-3.01,104.6,107.64,-3.04,-3.1,104.58,107.73,-3.14
Los Angeles Clippers,2010,P,W,0.354,-6.35,104.07,111.02,-6.95,-6.01,104.04,110.61,-6.57
Los Angeles Lakers,2010,P,W,0.695,4.72,109.51,104.57,4.93,4.78,109.32,104.32,5.0
Memphis Grizzlies,2010,M,W,0.488,-1.51,109.07,110.71,-1.64,-1.38,109.0,110.49,-1.49
Miami Heat,2010,A,E,0.573,2.28,107.63,105.06,2.57,2.0,107.58,105.32,2.26
Milwaukee Bucks,2010,C,E,0.561,1.7,105.74,103.81,1.94,1.38,105.68,104.09,1.59
Minnesota Timberwolves,2010,M,W,0.183,-9.6,102.34,112.31,-9.97,-9.06,102.38,111.78,-9.4
New Orleans Pelicans,2010,SW,W,0.451,-2.46,108.19,110.92,-2.73,-2.26,108.15,110.67,-2.52
New York Knicks,2010,A,E,0.354,-3.82,108.22,112.2,-3.98,-4.01,108.33,112.52,-4.19
Oklahoma City Thunder,2010,NW,W,0.61,3.49,109.18,105.43,3.75,3.55,109.06,105.23,3.82
Orlando Magic,2010,A,E,0.72,7.49,112.13,104.0,8.13,7.12,112.02,104.28,7.73
Philadelphia 76ers,2010,A,E,0.329,-3.9,106.93,111.35,-4.42,-3.93,107.15,111.58,-4.43
Phoenix Suns,2010,P,W,0.659,4.9,116.11,110.94,5.16,4.68,116.06,111.13,4.93
Portland Trail Blazers,2010,P,W,0.61,3.3,111.91,108.02,3.88,3.18,111.78,108.04,3.74
Sacramento Kings,2010,P,W,0.305,-4.37,106.05,110.82,-4.76,-4.06,106.09,110.52,-4.42
San Antonio Spurs,2010,M,W,0.61,5.09,110.61,105.17,5.44,5.07,110.49,105.07,5.42
Toronto Raptors,2010,C,E,0.488,-1.78,112.19,113.89,-1.69,-1.83,112.45,114.2,-1.75
Utah Jazz,2010,M,W,0.6459999999999999,5.34,111.57,105.81,5.76,5.33,111.44,105.69,5.75
Washington Wizards,2010,A,E,0.317,-4.78,105.11,110.41,-5.3,-4.72,105.34,110.57,-5.23
Atlanta Hawks,2011,C,E,0.537,-0.82,107.01,107.96,-0.95,-1.1,107.03,108.29,-1.26
Boston Celtics,2011,A,E,0.6829999999999999,5.37,107.36,101.46,5.9,4.83,107.03,101.73,5.3
Brooklyn Nets,2011,A,E,0.293,-6.24,103.99,110.94,-6.95,-6.28,104.11,111.1,-6.99
Charlotte Hornets,2011,C,E,0.415,-4.0,104.32,108.92,-4.6,-4.08,104.43,109.11,-4.67
Chicago Bulls,2011,C,E,0.7559999999999999,7.32,109.3,101.07,8.23,6.53,109.02,101.65,7.37
Cleveland Cavaliers,2011,C,E,0.232,-9.01,102.74,112.56,-9.81,-8.88,103.02,112.69,-9.67
Dallas Mavericks,2011,M,W,0.695,4.23,110.24,105.76,4.49,4.41,110.08,105.4,4.68
Denver Nuggets,2011,M,W,0.61,4.76,112.84,108.03,4.82,4.81,112.73,107.84,4.89
Detroit Pistons,2011,C,E,0.366,-3.6,108.37,112.5,-4.13,-3.78,108.65,112.98,-4.33
Golden State Warriors,2011,P,W,0.439,-2.33,108.96,111.39,-2.43,-2.0,109.0,111.08,-2.08
Houston Rockets,2011,M,W,0.524,2.18,112.02,109.67,2.35,2.37,112.07,109.51,2.56
Indiana Pacers,2011,C,E,0.451,-1.07,105.53,106.73,-1.2,-1.37,105.54,107.07,-1.53
Los Angeles Clippers,2011,P,W,0.39,-3.13,106.24,109.78,-3.54,-2.71,106.23,109.31,-3.08
Los Angeles Lakers,2011,P,W,0.695,6.11,111.61,105.0,6.61,6.01,111.4,104.89,6.51
Memphis Grizzlies,2011,M,W,0.561,2.34,108.52,105.98,2.55,2.55,108.42,105.65,2.77
Miami Heat,2011,A,E,0.7070000000000001,7.46,112.62,104.35,8.27,6.76,112.43,104.94,7.49
Milwaukee Bucks,2011,C,E,0.4270000000000001,-0.84,102.47,103.46,-1.0,-1.01,102.29,103.48,-1.18
Minnesota Timberwolves,2011,M,W,0.207,-6.63,104.84,111.69,-6.85,-5.97,104.93,111.07,-6.15
New Orleans Pelicans,2011,SW,W,0.561,0.89,107.25,106.19,1.06,1.28,107.18,105.7,1.48
New York Knicks,2011,A,E,0.512,0.78,111.76,110.92,0.84,0.48,112.0,111.48,0.51
Oklahoma City Thunder,2011,NW,W,0.6709999999999999,3.79,112.2,108.06,4.14,3.81,112.09,107.93,4.16
Orlando Magic,2011,A,E,0.634,5.46,108.78,102.87,5.91,4.92,108.63,103.31,5.32
Philadelphia 76ers,2011,A,E,0.5,1.5,107.62,106.02,1.6,1.01,107.55,106.48,1.07
Phoenix Suns,2011,P,W,0.488,-0.89,110.2,111.15,-0.94,-0.46,110.35,110.83,-0.47
Portland Trail Blazers,2011,P,W,0.585,1.52,109.78,107.93,1.85,1.85,109.73,107.54,2.19
Sacramento Kings,2011,P,W,0.293,-5.34,104.18,109.82,-5.65,-4.8,104.16,109.24,-5.07
San Antonio Spurs,2011,M,W,0.7440000000000001,5.71,112.31,106.23,6.07,5.86,112.22,105.97,6.25
Toronto Raptors,2011,C,E,0.268,-6.28,106.85,113.57,-6.72,-6.28,107.17,113.88,-6.72
Utah Jazz,2011,M,W,0.476,-1.83,108.95,111.05,-2.1,-1.44,109.08,110.75,-1.67
Washington Wizards,2011,A,E,0.28,-7.4,103.12,110.93,-7.81,-7.3,103.39,111.09,-7.71
Atlanta Hawks,2012,C,E,0.606,3.44,105.74,102.04,3.7,2.67,105.57,102.72,2.85
Boston Celtics,2012,A,E,0.591,2.52,102.12,99.34,2.78,2.26,102.19,99.69,2.5
Brooklyn Nets,2012,A,E,0.333,-5.98,103.77,110.52,-6.75,-6.37,103.99,111.17,-7.18
Charlotte Hornets,2012,C,E,0.106,-13.91,95.85,111.26,-15.41,-13.96,96.12,111.59,-15.46
Chicago Bulls,2012,C,E,0.758,8.18,108.22,98.89,9.33,7.43,108.21,99.72,8.49
Cleveland Cavaliers,2012,C,E,0.318,-7.2,101.86,109.78,-7.92,-7.34,102.06,110.14,-8.08
Dallas Mavericks,2012,M,W,0.545,0.95,104.08,103.01,1.07,1.78,104.04,102.07,1.97
Denver Nuggets,2012,M,W,0.5760000000000001,2.88,109.95,106.97,2.99,3.16,109.94,106.63,3.31
Detroit Pistons,2012,C,E,0.379,-4.79,102.13,107.48,-5.35,-5.18,102.33,108.11,-5.78
Golden State Warriors,2012,P,W,0.348,-3.41,105.97,109.66,-3.69,-2.79,106.0,109.01,-3.01
Houston Rockets,2012,M,W,0.515,0.23,106.42,106.11,0.31,0.57,106.27,105.58,0.69
Indiana Pacers,2012,C,E,0.636,3.3,107.63,103.94,3.69,2.59,107.68,104.77,2.91
Los Angeles Clippers,2012,P,W,0.606,2.56,109.49,106.69,2.8,2.82,109.26,106.18,3.09
Los Angeles Lakers,2012,P,W,0.621,1.42,106.62,105.07,1.55,1.96,106.6,104.45,2.15
Memphis Grizzlies,2012,M,W,0.621,2.02,104.81,102.57,2.24,2.43,104.59,101.89,2.7
Miami Heat,2012,A,E,0.6970000000000001,5.98,107.66,101.1,6.56,5.72,107.97,101.71,6.26
Milwaukee Bucks,2012,C,E,0.47,0.27,106.07,105.73,0.34,-0.23,106.13,106.34,-0.21
Minnesota Timberwolves,2012,M,W,0.394,-2.2,104.85,107.0,-2.15,-1.83,104.65,106.4,-1.75
New Orleans Pelicans,2012,SW,W,0.318,-3.76,101.82,105.98,-4.16,-3.11,101.68,105.11,-3.44
New York Knicks,2012,A,E,0.545,3.2,105.51,101.86,3.64,2.39,105.45,102.7,2.75
Oklahoma City Thunder,2012,NW,W,0.7120000000000001,6.12,110.33,103.77,6.56,6.44,110.3,103.37,6.93
Orlando Magic,2012,A,E,0.561,0.79,105.65,104.87,0.78,0.46,105.77,105.36,0.41
Philadelphia 76ers,2012,A,E,0.53,4.24,104.7,100.0,4.7,3.59,104.42,100.45,3.97
Phoenix Suns,2012,P,W,0.5,-0.24,106.96,107.1,-0.13,0.29,106.96,106.52,0.45
Portland Trail Blazers,2012,P,W,0.424,-0.62,106.56,107.24,-0.69,-0.21,106.4,106.64,-0.24
Sacramento Kings,2012,P,W,0.333,-5.68,104.46,110.43,-5.98,-4.95,104.59,109.76,-5.17
San Antonio Spurs,2012,M,W,0.758,7.17,111.45,103.83,7.62,7.28,111.35,103.6,7.75
Toronto Raptors,2012,C,E,0.348,-3.3,101.57,105.32,-3.74,-3.67,101.68,105.83,-4.14
Utah Jazz,2012,M,W,0.545,0.62,107.51,106.91,0.6,0.92,107.34,106.4,0.94
Washington Wizards,2012,A,E,0.303,-4.8,101.75,107.03,-5.28,-5.14,101.95,107.61,-5.66
Atlanta Hawks,2013,C,E,0.537,0.4,105.5,105.14,0.37,-0.07,105.39,105.54,-0.15
Boston Celtics,2013,A,E,0.506,-0.22,104.07,104.4,-0.32,-0.62,103.77,104.51,-0.75
Brooklyn Nets,2013,A,E,0.598,1.78,109.1,107.14,1.96,1.25,109.1,107.71,1.39
Charlotte Hornets,2013,C,E,0.256,-9.23,102.34,112.51,-10.17,-9.29,102.59,112.82,-10.23
Chicago Bulls,2013,C,E,0.5489999999999999,0.32,104.23,103.87,0.36,-0.01,104.09,104.1,0.0
Cleveland Cavaliers,2013,C,E,0.293,-4.68,105.09,110.16,-5.07,-4.87,105.24,110.52,-5.28
Dallas Mavericks,2013,M,W,0.5,-0.6,106.66,107.14,-0.48,-0.24,106.74,106.82,-0.09
Denver Nuggets,2013,M,W,0.695,5.09,111.23,105.97,5.26,5.37,111.34,105.76,5.58
Detroit Pistons,2013,C,E,0.354,-3.99,104.57,109.03,-4.46,-4.32,104.56,109.37,-4.82
Golden State Warriors,2013,P,W,0.573,0.89,107.1,106.04,1.06,1.32,107.13,105.61,1.52
Houston Rockets,2013,M,W,0.5489999999999999,3.48,110.42,106.67,3.75,3.69,110.51,106.52,3.99
Indiana Pacers,2013,C,E,0.605,4.02,104.87,100.54,4.33,3.34,104.48,100.89,3.59
Los Angeles Clippers,2013,P,W,0.6829999999999999,6.45,111.62,104.47,7.16,6.43,111.58,104.44,7.13
Los Angeles Lakers,2013,P,W,0.5489999999999999,1.16,108.49,107.23,1.27,1.48,108.48,106.86,1.62
Memphis Grizzlies,2013,M,W,0.6829999999999999,4.15,105.95,101.22,4.74,4.33,105.72,100.79,4.93
Miami Heat,2013,A,E,0.805,7.87,113.43,104.77,8.67,7.03,113.28,105.53,7.75
Milwaukee Bucks,2013,C,E,0.463,-1.5,104.28,106.02,-1.74,-1.82,104.2,106.29,-2.09
Minnesota Timberwolves,2013,M,W,0.378,-2.37,103.61,106.23,-2.63,-1.83,103.66,105.7,-2.04
New Orleans Pelicans,2013,SW,W,0.329,-3.87,106.63,110.97,-4.34,-3.11,107.03,110.54,-3.51
New York Knicks,2013,A,E,0.659,4.23,111.83,106.92,4.91,3.73,111.88,107.53,4.35
Oklahoma City Thunder,2013,NW,W,0.732,9.21,113.3,103.35,9.95,9.15,113.21,103.33,9.89
Orlando Magic,2013,A,E,0.244,-6.99,102.09,109.79,-7.7,-7.12,102.05,109.89,-7.84
Philadelphia 76ers,2013,A,E,0.415,-3.34,102.69,106.37,-3.68,-3.51,102.59,106.45,-3.86
Phoenix Suns,2013,P,W,0.305,-6.46,102.0,108.82,-6.82,-5.75,102.2,108.24,-6.04
Portland Trail Blazers,2013,P,W,0.402,-3.17,106.21,109.77,-3.56,-2.52,106.45,109.3,-2.85
Sacramento Kings,2013,P,W,0.341,-4.88,106.85,112.16,-5.3,-4.25,107.21,111.83,-4.62
San Antonio Spurs,2013,M,W,0.7070000000000001,6.4,109.11,102.26,6.85,6.67,109.05,101.9,7.14
Toronto Raptors,2013,C,E,0.415,-1.48,106.58,107.98,-1.4,-1.95,106.51,108.45,-1.93
Utah Jazz,2013,M,W,0.524,-0.09,107.42,107.5,-0.08,0.3,107.49,107.15,0.34
Washington Wizards,2013,A,E,0.354,-2.54,100.78,103.61,-2.82,-2.78,100.56,103.64,-3.09
Atlanta Hawks,2014,C,E,0.463,-0.48,106.71,107.26,-0.56,-0.88,106.74,107.71,-0.97
Boston Celtics,2014,A,E,0.305,-4.46,103.82,108.63,-4.81,-4.98,103.69,109.03,-5.34
Brooklyn Nets,2014,A,E,0.537,-1.0,107.42,108.63,-1.21,-1.58,107.36,109.16,-1.8
Charlotte Hornets,2014,C,E,0.524,-0.22,104.31,104.61,-0.29,-0.89,104.04,105.03,-0.99
Chicago Bulls,2014,C,E,0.585,1.85,103.49,101.4,2.09,1.19,103.12,101.72,1.4
Cleveland Cavaliers,2014,C,E,0.402,-3.29,104.95,108.52,-3.56,-3.86,104.92,109.07,-4.16
Dallas Mavericks,2014,M,W,0.598,2.4,111.95,109.24,2.71,2.9,112.16,108.95,3.21
Denver Nuggets,2014,M,W,0.439,-2.15,106.59,108.79,-2.2,-1.4,106.75,108.17,-1.43
Detroit Pistons,2014,C,E,0.354,-3.66,106.6,110.51,-3.92,-4.14,106.66,111.07,-4.41
Golden State Warriors,2014,P,W,0.622,4.8,108.05,103.07,4.98,5.15,107.93,102.59,5.34
Houston Rockets,2014,M,W,0.659,4.56,111.72,107.07,4.65,5.06,111.82,106.65,5.17
Indiana Pacers,2014,C,E,0.6829999999999999,4.4,104.7,100.05,4.65,3.63,104.25,100.42,3.83
Los Angeles Clippers,2014,P,W,0.695,6.98,112.89,105.64,7.25,7.27,112.88,105.33,7.56
Los Angeles Lakers,2014,P,W,0.329,-6.29,104.89,111.01,-6.13,-5.33,105.23,110.38,-5.15
Memphis Grizzlies,2014,M,W,0.61,1.57,107.12,105.47,1.66,2.17,107.18,104.89,2.29
Miami Heat,2014,A,E,0.659,4.76,112.13,106.75,5.38,4.15,112.15,107.42,4.73
Milwaukee Bucks,2014,C,E,0.183,-8.18,103.67,112.67,-9.0,-8.41,103.88,113.1,-9.23
Minnesota Timberwolves,2014,M,W,0.488,2.67,109.41,106.7,2.7,3.1,109.4,106.25,3.15
New Orleans Pelicans,2014,SW,W,0.415,-2.71,107.98,110.9,-2.92,-1.98,108.18,110.35,-2.16
New York Knicks,2014,A,E,0.451,-0.79,109.27,109.97,-0.7,-1.4,109.25,110.58,-1.33
Oklahoma City Thunder,2014,NW,W,0.72,6.34,111.32,104.6,6.71,6.65,111.29,104.26,7.04
Orlando Magic,2014,A,E,0.28,-5.44,102.14,108.1,-5.96,-5.88,102.06,108.48,-6.41
Philadelphia 76ers,2014,A,E,0.232,-10.45,100.09,110.53,-10.44,-10.66,100.11,110.79,-10.68
Phoenix Suns,2014,P,W,0.585,2.63,110.26,107.54,2.72,3.02,110.35,107.23,3.12
Portland Trail Blazers,2014,P,W,0.659,3.99,112.03,107.8,4.22,4.43,112.17,107.49,4.68
Sacramento Kings,2014,P,W,0.341,-2.9,106.22,109.46,-3.24,-2.08,106.39,108.77,-2.37
San Antonio Spurs,2014,M,W,0.7559999999999999,7.72,111.09,102.93,8.16,7.99,110.98,102.53,8.45
Toronto Raptors,2014,C,E,0.585,3.24,109.77,106.15,3.62,2.55,109.65,106.76,2.89
Utah Jazz,2014,M,W,0.305,-7.17,104.15,112.0,-7.85,-6.27,104.43,111.32,-6.89
Washington Wizards,2014,A,E,0.537,1.27,106.75,105.45,1.3,0.47,106.46,105.99,0.47
Atlanta Hawks,2015,C,E,0.732,5.43,110.0,103.98,6.02,4.75,109.85,104.56,5.29
Boston Celtics,2015,A,E,0.488,0.16,105.32,105.17,0.15,-0.4,105.14,105.58,-0.44
Brooklyn Nets,2015,A,E,0.463,-2.88,105.15,108.19,-3.05,-3.13,105.17,108.48,-3.31
Charlotte Hornets,2015,C,E,0.402,-3.17,100.92,104.44,-3.52,-3.44,100.75,104.55,-3.79
Chicago Bulls,2015,C,E,0.61,3.0,108.48,105.11,3.37,2.54,108.42,105.53,2.88
Cleveland Cavaliers,2015,C,E,0.6459999999999999,4.48,111.93,107.13,4.8,4.08,111.97,107.58,4.39
Dallas Mavericks,2015,M,W,0.61,2.9,110.3,107.14,3.16,3.36,110.51,106.87,3.64
Denver Nuggets,2015,M,W,0.366,-3.55,105.11,108.68,-3.57,-3.07,105.16,108.22,-3.07
Detroit Pistons,2015,C,E,0.39,-1.0,106.22,107.35,-1.14,-1.39,106.23,107.77,-1.54
Golden State Warriors,2015,P,W,0.8170000000000001,10.1,112.18,101.86,10.32,10.01,111.9,101.67,10.23
Houston Rockets,2015,M,W,0.6829999999999999,3.44,107.87,104.26,3.61,3.82,107.86,103.85,4.01
Indiana Pacers,2015,C,E,0.463,0.28,104.44,104.04,0.4,-0.22,104.34,104.48,-0.14
Los Angeles Clippers,2015,P,W,0.6829999999999999,6.59,113.21,106.22,6.98,6.8,113.35,106.14,7.21
Los Angeles Lakers,2015,P,W,0.256,-6.84,104.07,111.44,-7.36,-6.17,104.26,110.9,-6.65
Memphis Grizzlies,2015,M,W,0.6709999999999999,3.24,106.44,102.9,3.55,3.62,106.35,102.41,3.94
Miami Heat,2015,A,E,0.451,-2.6,104.86,107.91,-3.05,-2.92,104.99,108.36,-3.37
Milwaukee Bucks,2015,C,E,0.5,0.43,103.57,103.18,0.38,-0.09,103.33,103.49,-0.16
Minnesota Timberwolves,2015,M,W,0.195,-8.79,103.63,112.98,-9.36,-8.0,103.98,112.5,-8.52
New Orleans Pelicans,2015,SW,W,0.5489999999999999,0.79,108.95,108.15,0.8,1.13,109.04,107.88,1.16
New York Knicks,2015,A,E,0.207,-9.32,100.89,111.01,-10.13,-9.49,101.06,111.36,-10.3
Oklahoma City Thunder,2015,NW,W,0.5489999999999999,2.18,108.41,106.18,2.24,2.47,108.42,105.89,2.54
Orlando Magic,2015,A,E,0.305,-5.72,102.26,108.34,-6.07,-5.87,102.3,108.54,-6.23
Philadelphia 76ers,2015,A,E,0.22,-8.98,96.4,105.7,-9.31,-9.04,96.3,105.67,-9.38
Phoenix Suns,2015,P,W,0.476,-0.9,105.93,106.85,-0.92,-0.38,105.97,106.34,-0.37
Portland Trail Blazers,2015,P,W,0.622,4.23,108.81,104.3,4.5,4.41,108.72,104.03,4.69
Sacramento Kings,2015,P,W,0.354,-3.71,106.01,109.95,-3.94,-3.07,106.24,109.51,-3.27
San Antonio Spurs,2015,M,W,0.6709999999999999,6.2,109.25,102.61,6.64,6.34,109.09,102.3,6.79
Toronto Raptors,2015,C,E,0.598,3.07,112.06,108.69,3.37,2.45,112.07,109.35,2.72
Utah Jazz,2015,M,W,0.463,0.22,106.19,105.91,0.28,0.71,106.23,105.43,0.79
Washington Wizards,2015,A,E,0.561,0.72,104.56,103.73,0.83,0.17,104.38,104.13,0.25
Atlanta Hawks,2016,C,E,0.585,3.61,105.75,102.0,3.75,3.49,105.74,102.12,3.62
Boston Celtics,2016,A,E,0.585,3.21,107.3,104.1,3.2,2.84,107.24,104.43,2.81
Brooklyn Nets,2016,A,E,0.256,-7.35,103.74,111.6,-7.86,-7.11,104.06,111.66,-7.61
Charlotte Hornets,2016,C,E,0.585,2.72,107.72,105.01,2.71,2.36,107.67,105.33,2.34
Chicago Bulls,2016,C,E,0.512,-1.48,105.85,107.28,-1.43,-1.46,106.02,107.44,-1.42
Cleveland Cavaliers,2016,C,E,0.695,5.99,111.8,105.32,6.48,5.44,111.75,105.85,5.9
Dallas Mavericks,2016,M,W,0.512,-0.3,107.29,107.48,-0.19,-0.02,107.24,107.13,0.11
Denver Nuggets,2016,M,W,0.402,-3.1,106.22,109.47,-3.25,-2.81,106.24,109.17,-2.94
Detroit Pistons,2016,C,E,0.537,0.61,106.78,106.19,0.59,0.43,106.88,106.48,0.4
Golden State Warriors,2016,P,W,0.89,10.76,115.18,104.32,10.86,10.38,115.01,104.53,10.49
Houston Rockets,2016,M,W,0.5,0.2,109.23,109.1,0.13,0.34,109.26,108.96,0.3
Indiana Pacers,2016,C,E,0.5489999999999999,1.71,105.28,103.51,1.77,1.62,105.26,103.58,1.68
Los Angeles Clippers,2016,P,W,0.6459999999999999,4.28,109.04,104.57,4.47,4.13,108.69,104.39,4.31
Los Angeles Lakers,2016,P,W,0.207,-9.56,102.29,112.4,-10.12,-8.92,102.49,111.92,-9.43
Memphis Grizzlies,2016,M,W,0.512,-2.24,106.36,108.69,-2.33,-2.13,106.23,108.45,-2.22
Miami Heat,2016,A,E,0.585,1.65,107.01,105.34,1.67,1.5,107.08,105.56,1.52
Milwaukee Bucks,2016,C,E,0.402,-4.18,105.06,109.65,-4.59,-3.98,105.32,109.69,-4.37
Minnesota Timberwolves,2016,M,W,0.354,-3.54,107.17,111.02,-3.86,-3.38,107.17,110.86,-3.68
New Orleans Pelicans,2016,SW,W,0.366,-3.79,106.27,110.17,-3.89,-3.55,106.32,109.96,-3.63
New York Knicks,2016,A,E,0.39,-2.73,105.41,108.43,-3.03,-2.73,105.55,108.58,-3.02
Oklahoma City Thunder,2016,NW,W,0.6709999999999999,7.28,113.76,106.22,7.54,7.09,113.64,106.29,7.35
Orlando Magic,2016,A,E,0.4270000000000001,-1.62,105.73,107.47,-1.74,-1.68,105.89,107.7,-1.8
Philadelphia 76ers,2016,A,E,0.122,-10.23,99.65,110.15,-10.5,-9.92,99.83,110.01,-10.18
Phoenix Suns,2016,P,W,0.28,-6.66,102.94,109.8,-6.86,-6.32,102.95,109.45,-6.5
Portland Trail Blazers,2016,P,W,0.537,0.83,109.55,108.67,0.88,0.98,109.48,108.45,1.03
Sacramento Kings,2016,P,W,0.402,-2.48,106.57,109.07,-2.5,-2.31,106.44,108.77,-2.33
San Antonio Spurs,2016,M,W,0.8170000000000001,10.63,111.04,99.55,11.49,10.28,110.59,99.49,11.1
Toronto Raptors,2016,C,E,0.6829999999999999,4.5,111.11,106.16,4.95,4.08,111.18,106.68,4.5
Utah Jazz,2016,M,W,0.488,1.8,106.83,104.78,2.04,1.86,106.57,104.48,2.09
Washington Wizards,2016,A,E,0.5,-0.5,106.09,106.48,-0.39,-0.49,106.23,106.62,-0.39
Atlanta Hawks,2017,C,E,0.524,-0.85,105.55,106.54,-0.99,-1.23,105.32,106.69,-1.37
Boston Celtics,2017,A,E,0.6459999999999999,2.63,111.88,109.16,2.72,2.25,111.81,109.49,2.33
Brooklyn Nets,2017,A,E,0.244,-6.73,104.61,111.34,-6.73,-6.74,104.63,111.37,-6.74
Charlotte Hornets,2017,C,E,0.439,0.2,109.57,109.31,0.25,-0.06,109.53,109.55,-0.02
Chicago Bulls,2017,C,E,0.5,0.43,108.04,107.72,0.32,0.03,107.91,107.98,-0.08
Cleveland Cavaliers,2017,C,E,0.622,3.18,114.25,110.99,3.27,2.88,114.33,111.38,2.95
Dallas Mavericks,2017,M,W,0.402,-2.93,106.28,109.36,-3.08,-2.52,106.31,108.96,-2.65
Denver Nuggets,2017,M,W,0.488,0.51,113.9,113.43,0.47,0.7,114.06,113.39,0.67
Detroit Pistons,2017,C,E,0.451,-1.12,106.53,107.9,-1.37,-1.29,106.39,107.93,-1.54
Golden State Warriors,2017,P,W,0.8170000000000001,11.63,116.26,104.57,11.69,11.35,116.02,104.61,11.41
Houston Rockets,2017,M,W,0.6709999999999999,5.77,115.59,109.96,5.63,5.84,115.7,109.98,5.72
Indiana Pacers,2017,C,E,0.512,-0.22,109.33,109.49,-0.16,-0.64,109.21,109.81,-0.6
Los Angeles Clippers,2017,P,W,0.622,4.29,113.38,108.88,4.5,4.42,113.46,108.82,4.64
Los Angeles Lakers,2017,P,W,0.317,-6.88,106.69,113.72,-7.02,-6.29,106.96,113.38,-6.42
Memphis Grizzlies,2017,M,W,0.524,0.49,108.59,107.89,0.7,0.96,108.71,107.55,1.17
Miami Heat,2017,A,E,0.5,1.06,108.73,107.65,1.09,0.78,108.62,107.84,0.79
Milwaukee Bucks,2017,C,E,0.512,-0.18,109.92,110.16,-0.23,-0.44,109.96,110.46,-0.5
Minnesota Timberwolves,2017,M,W,0.378,-1.11,111.54,112.74,-1.2,-0.63,111.75,112.46,-0.71
New Orleans Pelicans,2017,SW,W,0.415,-2.1,105.81,108.01,-2.2,-1.69,105.79,107.57,-1.78
New York Knicks,2017,A,E,0.378,-3.67,108.57,112.35,-3.77,-3.87,108.62,112.6,-3.98
Oklahoma City Thunder,2017,NW,W,0.573,0.76,108.95,108.17,0.78,1.15,108.94,107.75,1.18
Orlando Magic,2017,A,E,0.354,-6.57,104.23,111.11,-6.88,-6.61,104.3,111.21,-6.92
Philadelphia 76ers,2017,A,E,0.341,-5.7,103.96,109.81,-5.85,-5.83,103.92,109.91,-5.99
Phoenix Suns,2017,P,W,0.293,-5.63,107.32,112.79,-5.47,-5.14,107.43,112.41,-4.98
Portland Trail Blazers,2017,P,W,0.5,-0.52,110.93,111.46,-0.53,-0.23,111.09,111.31,-0.22
Sacramento Kings,2017,P,W,0.39,-3.88,107.98,112.18,-4.21,-3.29,108.12,111.72,-3.59
San Antonio Spurs,2017,M,W,0.7440000000000001,7.2,111.81,104.25,7.56,7.13,111.62,104.12,7.49
Toronto Raptors,2017,C,E,0.622,4.21,113.2,108.68,4.51,3.65,113.07,109.14,3.93
Utah Jazz,2017,M,W,0.622,3.94,110.46,106.19,4.27,4.0,110.31,105.98,4.33
Washington Wizards,2017,A,E,0.598,1.8,111.98,110.06,1.92,1.36,111.96,110.49,1.46
Atlanta Hawks,2018,C,E,0.293,-5.45,105.74,111.21,-5.47,-5.3,105.81,111.12,-5.31
Boston Celtics,2018,A,E,0.6709999999999999,3.59,108.4,104.65,3.75,3.24,108.14,104.75,3.39
Brooklyn Nets,2018,A,E,0.341,-3.74,107.71,111.51,-3.8,-3.67,107.83,111.55,-3.72
Charlotte Hornets,2018,C,E,0.439,0.26,109.95,109.72,0.23,0.07,109.93,109.89,0.04
Chicago Bulls,2018,C,E,0.329,-7.04,104.39,111.61,-7.22,-6.84,104.46,111.47,-7.01
Cleveland Cavaliers,2018,C,E,0.61,0.94,113.58,112.56,1.02,0.59,113.61,112.94,0.67
Dallas Mavericks,2018,M,W,0.293,-3.04,106.92,110.0,-3.08,-2.7,106.96,109.7,-2.74
Denver Nuggets,2018,M,W,0.561,1.48,113.02,111.4,1.62,1.57,113.21,111.5,1.71
Detroit Pistons,2018,C,E,0.476,-0.15,107.95,108.14,-0.19,-0.26,107.84,108.14,-0.3
Golden State Warriors,2018,P,W,0.7070000000000001,5.98,114.31,108.43,5.88,5.79,114.33,108.62,5.7
Houston Rockets,2018,M,W,0.7929999999999999,8.48,115.48,106.84,8.64,8.21,115.45,107.08,8.37
Indiana Pacers,2018,C,E,0.585,1.38,110.24,108.8,1.44,1.18,110.17,108.94,1.24
Los Angeles Clippers,2018,P,W,0.512,0.04,110.97,111.02,-0.05,0.15,111.06,111.0,0.07
Los Angeles Lakers,2018,P,W,0.4270000000000001,-1.55,107.1,108.64,-1.54,-1.43,106.96,108.39,-1.43
Memphis Grizzlies,2018,M,W,0.268,-6.21,105.29,111.85,-6.57,-5.81,105.44,111.59,-6.15
Miami Heat,2018,A,E,0.537,0.48,107.63,107.12,0.51,0.15,107.47,107.28,0.18
Milwaukee Bucks,2018,C,E,0.537,-0.3,110.67,110.98,-0.31,-0.45,110.7,111.16,-0.46
Minnesota Timberwolves,2018,M,W,0.573,2.23,114.24,111.86,2.38,2.35,114.41,111.91,2.5
New Orleans Pelicans,2018,SW,W,0.585,1.3,110.29,109.05,1.24,1.48,110.37,108.95,1.42
New York Knicks,2018,A,E,0.354,-3.56,107.72,111.36,-3.65,-3.53,107.77,111.38,-3.61
Oklahoma City Thunder,2018,NW,W,0.585,3.41,111.48,108.02,3.47,3.42,111.5,108.03,3.47
Orlando Magic,2018,A,E,0.305,-4.82,105.83,110.85,-5.02,-4.92,105.77,110.88,-5.11
Philadelphia 76ers,2018,A,E,0.634,4.5,110.28,105.77,4.51,4.3,110.12,105.81,4.31
Phoenix Suns,2018,P,W,0.256,-9.37,104.25,113.51,-9.26,-8.8,104.5,113.19,-8.69
Portland Trail Blazers,2018,P,W,0.598,2.6,109.58,106.93,2.66,2.6,109.44,106.79,2.66
Sacramento Kings,2018,P,W,0.329,-6.99,104.47,111.9,-7.43,-6.59,104.6,111.62,-7.02
San Antonio Spurs,2018,M,W,0.573,2.89,108.49,105.36,3.13,2.89,108.35,105.23,3.12
Toronto Raptors,2018,C,E,0.72,7.78,114.6,106.56,8.03,7.3,114.5,106.96,7.54
Utah Jazz,2018,M,W,0.585,4.3,109.07,104.56,4.51,4.47,108.92,104.24,4.68
Washington Wizards,2018,A,E,0.524,0.59,109.96,109.41,0.55,0.53,110.0,109.49,0.5
Atlanta Hawks,2019,C,E,0.354,-6.02,108.71,114.41,-5.7,-6.06,108.83,114.59,-5.76
Boston Celtics,2019,A,E,0.598,4.44,112.78,108.35,4.43,3.9,112.57,108.69,3.88
Brooklyn Nets,2019,A,E,0.512,-0.07,110.3,110.36,-0.06,-0.4,110.15,110.56,-0.41
Charlotte Hornets,2019,C,E,0.476,-1.1,112.1,113.16,-1.06,-1.31,112.11,113.41,-1.3
Chicago Bulls,2019,C,E,0.268,-8.41,105.45,113.94,-8.49,-8.32,105.49,113.9,-8.41
Cleveland Cavaliers,2019,C,E,0.232,-9.61,108.5,118.54,-10.04,-9.39,108.83,118.64,-9.82
Dallas Mavericks,2019,M,W,0.402,-1.28,110.19,111.41,-1.22,-0.86,110.29,111.08,-0.79
Denver Nuggets,2019,M,W,0.659,3.95,113.76,109.62,4.14,4.2,113.74,109.35,4.39
Detroit Pistons,2019,C,E,0.5,-0.24,109.93,110.13,-0.2,-0.55,109.86,110.38,-0.53
Golden State Warriors,2019,P,W,0.695,6.46,116.63,110.24,6.39,6.42,116.6,110.24,6.37
Houston Rockets,2019,M,W,0.6459999999999999,4.77,116.25,111.43,4.82,4.97,116.45,111.43,5.03
Indiana Pacers,2019,C,E,0.585,3.33,110.62,107.23,3.39,2.76,110.31,107.5,2.8
Los Angeles Clippers,2019,P,W,0.585,0.85,113.14,112.33,0.81,1.09,113.29,112.22,1.06
Los Angeles Lakers,2019,P,W,0.451,-1.72,108.52,110.18,-1.66,-1.32,108.46,109.71,-1.26
Memphis Grizzlies,2019,M,W,0.402,-2.6,106.96,109.66,-2.7,-2.08,106.93,109.09,-2.17
Miami Heat,2019,A,E,0.476,-0.23,108.22,108.35,-0.13,-0.45,108.03,108.39,-0.36
Milwaukee Bucks,2019,C,E,0.732,8.87,114.23,105.76,8.47,8.05,113.89,106.23,7.66
Minnesota Timberwolves,2019,M,W,0.439,-1.5,112.04,113.54,-1.51,-1.02,112.31,113.32,-1.01
New Orleans Pelicans,2019,SW,W,0.402,-1.33,111.85,113.1,-1.25,-1.1,111.98,112.98,-1.01
New York Knicks,2019,A,E,0.207,-9.21,105.13,114.39,-9.26,-8.92,105.31,114.3,-8.98
Oklahoma City Thunder,2019,NW,W,0.598,3.4,110.85,107.53,3.31,3.56,110.71,107.22,3.49
Orlando Magic,2019,A,E,0.512,0.71,109.46,108.82,0.65,0.28,109.26,109.05,0.21
Philadelphia 76ers,2019,A,E,0.622,2.7,113.21,110.58,2.64,2.26,113.16,110.97,2.19
Phoenix Suns,2019,P,W,0.232,-9.34,106.29,115.55,-9.26,-8.61,106.59,115.11,-8.52
Portland Trail Blazers,2019,P,W,0.6459999999999999,4.2,115.45,111.07,4.38,4.44,115.63,111.01,4.62
Sacramento Kings,2019,P,W,0.476,-1.12,111.17,112.19,-1.02,-0.81,111.29,112.0,-0.71
San Antonio Spurs,2019,M,W,0.585,1.68,113.3,111.55,1.75,1.81,113.3,111.42,1.88
Toronto Raptors,2019,C,E,0.7070000000000001,6.09,113.99,108.0,5.99,5.49,113.78,108.4,5.38
Utah Jazz,2019,M,W,0.61,5.26,111.35,106.11,5.24,5.29,111.23,105.94,5.28
Washington Wizards,2019,A,E,0.39,-2.9,111.72,114.56,-2.84,-3.3,111.72,114.97,-3.25
Atlanta Hawks,2020,C,E,0.299,-7.97,107.86,115.47,-7.61,-7.71,108.18,115.56,-7.37
Boston Celtics,2020,A,E,0.667,6.31,114.14,107.79,6.35,5.83,114.01,108.15,5.86
Brooklyn Nets,2020,A,E,0.486,-0.57,109.68,110.25,-0.57,-1.01,109.63,110.64,-1.01
Charlotte Hornets,2020,C,E,0.354,-6.75,107.32,114.21,-6.89,-7.04,107.38,114.56,-7.18
Chicago Bulls,2020,C,E,0.338,-3.08,107.6,110.74,-3.14,-4.0,107.22,111.29,-4.07
Cleveland Cavaliers,2020,C,E,0.292,-7.89,108.14,116.2,-8.05,-7.77,108.46,116.41,-7.94
Dallas Mavericks,2020,M,W,0.573,4.95,117.5,112.53,4.97,4.87,117.41,112.52,4.9
Denver Nuggets,2020,M,W,0.63,2.11,114.06,111.9,2.15,2.35,114.06,111.66,2.4
Detroit Pistons,2020,C,E,0.303,-3.56,109.96,113.59,-3.63,-4.38,109.77,114.23,-4.45
Golden State Warriors,2020,P,W,0.231,-8.71,105.93,114.66,-8.74,-8.12,105.98,114.11,-8.13
Houston Rockets,2020,M,W,0.611,2.96,113.71,110.82,2.89,3.13,113.68,110.59,3.08
Indiana Pacers,2020,C,E,0.616,1.96,110.9,108.77,2.12,1.63,110.94,109.17,1.77
Los Angeles Clippers,2020,P,W,0.6809999999999999,6.44,114.66,108.25,6.41,6.66,114.56,107.94,6.62
Los Angeles Lakers,2020,P,W,0.732,5.79,112.78,107.14,5.65,6.28,112.83,106.68,6.16
Memphis Grizzlies,2020,M,W,0.466,-1.07,109.97,110.91,-0.94,-0.91,109.87,110.65,-0.78
Miami Heat,2020,A,E,0.603,2.95,113.29,110.36,2.93,2.59,113.22,110.65,2.58
Milwaukee Bucks,2020,C,E,0.767,10.08,112.98,103.36,9.62,9.41,112.69,103.73,8.96
Minnesota Timberwolves,2020,M,W,0.297,-4.3,108.91,113.03,-4.12,-4.02,108.9,112.73,-3.83
New Orleans Pelicans,2020,SW,W,0.417,-1.29,111.42,112.62,-1.2,-0.55,111.73,112.18,-0.46
New York Knicks,2020,A,E,0.318,-6.45,107.1,113.52,-6.42,-6.72,106.91,113.6,-6.7
Oklahoma City Thunder,2020,NW,W,0.611,1.99,111.74,109.66,2.09,2.32,111.74,109.32,2.42
Orlando Magic,2020,A,E,0.452,-1.01,109.1,110.28,-1.18,-0.93,109.18,110.27,-1.09
Philadelphia 76ers,2020,A,E,0.589,2.38,112.09,109.77,2.32,2.25,112.15,109.97,2.18
Phoenix Suns,2020,P,W,0.466,0.22,112.38,112.27,0.11,0.56,112.41,111.94,0.47
Portland Trail Blazers,2020,P,W,0.473,-1.15,114.26,115.41,-1.15,-0.61,114.48,115.09,-0.61
Sacramento Kings,2020,P,W,0.431,-2.04,111.09,113.03,-1.94,-1.59,111.17,112.65,-1.48
San Antonio Spurs,2020,M,W,0.451,-1.11,112.98,114.17,-1.2,-0.65,113.13,113.86,-0.73
Toronto Raptors,2020,C,E,0.736,6.24,112.02,105.85,6.18,5.97,111.99,106.08,5.9
Utah Jazz,2020,M,W,0.611,2.47,113.14,110.48,2.66,2.52,113.09,110.38,2.71
Washington Wizards,2020,A,E,0.34700000000000003,-4.67,111.69,116.16,-4.46,-5.24,111.64,116.7,-5.05
